id;account_type;job_title;company;city;country;address
1;NONAFFILIATED;Regional Research Strategist;synthesizing hard drive Robust;South Aliza;Macedonia;partnerships Grocery Intelligent
2;COMMERCIAL;Central Paradigm Planner;European Unit of Account 9(E.U.A.-9) Concrete;Hallemouth;Saint Lucia;User-centric
3;COMMERCIAL;International Marketing Agent;Auto Loan Account modular Refined;Lake Cyrus;Cocos (Keeling) Islands;Human Ghana
4;NONAFFILIATED;Future Integration Technician;Jewelery cutting-edge;North Casimir;Lithuania;supply-chains magenta
5;NONAFFILIATED;Future Factors Officer;sky blue;Maynardbury;Guinea;Engineer
6;COMMERCIAL;Corporate Response Strategist;mission-critical;Kuvalisbury;Australia;encompassing
7;ACADEMIC;District Metrics Designer;Credit Card Account;Lake Friedrichberg;Dominican Republic;cross-platform Point Orchestrator
8;ACADEMIC;Internal Marketing Director;magenta Refined Rubber Gloves;Dakotatown;Poland;open-source turn-key
9;NONAFFILIATED;International Markets Coordinator;Creative Metal;Lake Bessie;Cote d'Ivoire;Tanzania Fiji Dollar Profound
10;NONAFFILIATED;Customer Operations Designer;Vision-oriented;Port Spencermouth;Tonga;deposit B2B cross-media
